Job Title,Company,Location,Link
Senior Python Developer,"Payne, Roberts and Davis","Stewartbury, AA",https://www.realpython.com
Energy engineer,Vasquez-Davidson,"Christopherville, AA",https://www.realpython.com
Legal executive,"Jackson, Chambers and Levy","Port Ericaburgh, AA",https://www.realpython.com
Fitness centre manager,Savage-Bradley,"East Seanview, AP",https://www.realpython.com
Product manager,Ramirez Inc,"North Jamieview, AP",https://www.realpython.com
Medical technical officer,Rogers-Yates,"Davidville, AP",https://www.realpython.com
Physiological scientist,Kramer-Klein,"South Christopher, AE",https://www.realpython.com
Textile designer,Meyers-Johnson,"Port Jonathan, AE",https://www.realpython.com
Television floor manager,Hughes-Williams,"Osbornetown, AE",https://www.realpython.com
Waste management officer,"Jones, Williams and Villa","Scotttown, AP",https://www.realpython.com
Software Engineer (Python),Garcia PLC,"Ericberg, AE",https://www.realpython.com
Interpreter,Gregory and Sons,"Ramireztown, AE",https://www.realpython.com
Architect,"Clark, Garcia and Sosa","Figueroaview, AA",https://www.realpython.com
Meteorologist,Bush PLC,"Kelseystad, AA",https://www.realpython.com
Audiological scientist,Salazar-Meyers,"Williamsburgh, AE",https://www.realpython.com
English as a second language teacher,"Parker, Murphy and Brooks","Mitchellburgh, AE",https://www.realpython.com
Surgeon,Cruz-Brown,"West Jessicabury, AA",https://www.realpython.com
Equities trader,Macdonald-Ferguson,"Maloneshire, AE",https://www.realpython.com
Newspaper journalist,"Williams, Peterson and Rojas","Johnsonton, AA",https://www.realpython.com
Materials engineer,Smith and Sons,"South Davidtown, AP",https://www.realpython.com
Python Programmer (Entry-Level),"Moss, Duncan and Allen","Port Sara, AE",https://www.realpython.com
Product/process development scientist,Gomez-Carroll,"Marktown, AA",https://www.realpython.com
"Scientist, research (maths)","Manning, Welch and Herring","Laurenland, AE",https://www.realpython.com
Ecologist,"Lee, Gutierrez and Brown","Lauraton, AP",https://www.realpython.com
Materials engineer,"Davis, Serrano and Cook","South Tammyberg, AP",https://www.realpython.com
Historic buildings inspector/conservation officer,Smith LLC,"North Brandonville, AP",https://www.realpython.com
Data scientist,Thomas Group,"Port Robertfurt, AA",https://www.realpython.com
Psychiatrist,Silva-King,"Burnettbury, AE",https://www.realpython.com
Structural engineer,Pierce-Long,"Herbertside, AA",https://www.realpython.com
Immigration officer,Walker-Simpson,"Christopherport, AP",https://www.realpython.com
Python Programmer (Entry-Level),Cooper and Sons,"West Victor, AE",https://www.realpython.com
Neurosurgeon,"Donovan, Gonzalez and Figueroa","Port Aaron, AP",https://www.realpython.com
Broadcast engineer,"Morgan, Butler and Bennett","Loribury, AA",https://www.realpython.com
Make,Snyder-Lee,"Angelastad, AP",https://www.realpython.com
"Nurse, adult",Harris PLC,"Larrytown, AE",https://www.realpython.com
Air broker,Washington PLC,"West Colin, AP",https://www.realpython.com
"Editor, film/video","Brown, Price and Campbell","West Stephanie, AP",https://www.realpython.com
"Production assistant, radio",Mcgee PLC,"Laurentown, AP",https://www.realpython.com
"Engineer, communications",Dixon Inc,"Wrightberg, AP",https://www.realpython.com
Sales executive,"Thompson, Sheppard and Ward","Alberttown, AE",https://www.realpython.com
Software Developer (Python),Adams-Brewer,"Brockburgh, AE",https://www.realpython.com
Futures trader,Schneider-Brady,"North Jason, AE",https://www.realpython.com
Tour manager,Gonzales-Frank,"Arnoldhaven, AE",https://www.realpython.com
Cytogeneticist,Smith-Wong,"Lake Destiny, AP",https://www.realpython.com
"Designer, multimedia",Pierce-Herrera,"South Timothyburgh, AP",https://www.realpython.com
Trade union research officer,"Aguilar, Rivera and Quinn","New Jimmyton, AE",https://www.realpython.com
"Chemist, analytical","Lowe, Barnes and Thomas","New Lucasbury, AP",https://www.realpython.com
"Programmer, multimedia","Lewis, Gonzalez and Vasquez","Port Cory, AE",https://www.realpython.com
"Engineer, broadcasting (operations)",Taylor PLC,"Gileston, AA",https://www.realpython.com
"Teacher, primary school","Oliver, Jones and Ramirez","Cindyshire, AA",https://www.realpython.com
Python Developer,Rivera and Sons,"East Michaelfort, AA",https://www.realpython.com
Manufacturing systems engineer,Garcia PLC,"Joybury, AE",https://www.realpython.com
"Producer, television/film/video","Johnson, Wells and Kramer","Emmatown, AE",https://www.realpython.com
"Scientist, forensic",Gonzalez LLC,"Colehaven, AP",https://www.realpython.com
Bonds trader,"Morgan, White and Macdonald","Port Coryton, AE",https://www.realpython.com
Editorial assistant,Robinson-Fitzpatrick,"Amyborough, AA",https://www.realpython.com
Photographer,"Waters, Wilson and Hoover","Reynoldsville, AA",https://www.realpython.com
Retail banker,Hill LLC,"Port Billy, AP",https://www.realpython.com
Jewellery designer,Li-Gregory,"Adamburgh, AA",https://www.realpython.com
Ophthalmologist,"Fisher, Ryan and Coleman","Wilsonmouth, AA",https://www.realpython.com
"Back-End Web Developer (Python, Django)",Stewart-Alexander,"South Kimberly, AA",https://www.realpython.com
Licensed conveyancer,Abbott and Sons,"Benjaminland, AP",https://www.realpython.com
Futures trader,"Bryant, Santana and Davenport","Zacharyport, AA",https://www.realpython.com
Counselling psychologist,Smith PLC,"Port Devonville, AE",https://www.realpython.com
Insurance underwriter,Patterson-Singh,"East Thomas, AE",https://www.realpython.com
"Engineer, automotive",Martinez-Berry,"New Jeffrey, AP",https://www.realpython.com
"Producer, radio","May, Taylor and Fisher","Davidside, AA",https://www.realpython.com
Dispensing optician,"Bailey, Owen and Thompson","Jamesville, AA",https://www.realpython.com
"Designer, fashion/clothing",Vasquez Ltd,"New Kelly, AP",https://www.realpython.com
Chartered loss adjuster,Leblanc LLC,"Lake Antonio, AA",https://www.realpython.com
"Back-End Web Developer (Python, Django)","Jackson, Ali and Mckee","New Elizabethside, AA",https://www.realpython.com
Forest/woodland manager,"Blankenship, Knight and Powell","Millsbury, AE",https://www.realpython.com
Clinical cytogeneticist,"Patton, Haynes and Jones","Lloydton, AP",https://www.realpython.com
Print production planner,Wood Inc,"Port Jeremy, AA",https://www.realpython.com
Systems developer,Collins Group,"New Elizabethtown, AA",https://www.realpython.com
Graphic designer,Flores-Nelson,"Charlesstad, AE",https://www.realpython.com
Writer,"Mitchell, Jones and Olson","Josephbury, AE",https://www.realpython.com
Field seismologist,Howard Group,"Seanfurt, AA",https://www.realpython.com
Chief Strategy Officer,Kramer-Edwards,"Williambury, AA",https://www.realpython.com
Air cabin crew,Berry-Houston,"South Jorgeside, AP",https://www.realpython.com
Python Programmer (Entry-Level),Mathews Inc,"Robertborough, AP",https://www.realpython.com
Warden/ranger,Riley-Johnson,"South Saratown, AP",https://www.realpython.com
Sports therapist,Spencer and Sons,"Hullview, AA",https://www.realpython.com
Arts development officer,Camacho-Sanchez,"Philipland, AP",https://www.realpython.com
Printmaker,Oliver and Sons,"North Patty, AE",https://www.realpython.com
Health and safety adviser,Eaton PLC,"North Stephen, AE",https://www.realpython.com
Manufacturing systems engineer,Stanley-Frederick,"Stevensland, AP",https://www.realpython.com
"Programmer, applications",Bradley LLC,"Reyesstad, AE",https://www.realpython.com
Medical physicist,"Parker, Goodwin and Zavala","Bellberg, AP",https://www.realpython.com
Media planner,Kim-Miles,"North Johnland, AE",https://www.realpython.com
Software Developer (Python),Moreno-Rodriguez,"Martinezburgh, AE",https://www.realpython.com
"Surveyor, land/geomatics",Brown-Ortiz,"Joshuatown, AE",https://www.realpython.com
Legal executive,Hartman PLC,"West Ericstad, AA",https://www.realpython.com
"Librarian, academic",Brooks Inc,"Tuckertown, AE",https://www.realpython.com
Barrister,Washington-Castillo,"Perezton, AE",https://www.realpython.com
Museum/gallery exhibitions officer,"Nguyen, Yoder and Petty","Lake Abigail, AE",https://www.realpython.com
"Radiographer, diagnostic",Holder LLC,"Jacobshire, AP",https://www.realpython.com
Database administrator,Yates-Ferguson,"Port Susan, AE",https://www.realpython.com
Furniture designer,Ortega-Lawrence,"North Tiffany, AA",https://www.realpython.com
Ship broker,"Fuentes, Walls and Castro","Michelleville, AP",https://www.realpython.com
